query_id,dimension,query,candidate_chunk_ids,annotator,relevant_chunk_ids
Q01,D1,上市公司年度报告的披露时限,DOC007-C086;DOC090-C127;DOC100-C014;DOC110-C099;DOC163-C002;DOC165-C002;DOC215-C001;DOC335-C102;DOC005-C001;DOC005-C002;DOC005-C003;DOC005-C004;DOC005-C005;DOC005-C006;DOC005-C007;DOC005-C008;DOC005-C009;DOC005-C010;DOC005-C011;DOC005-C012,,
Q02,D1,信息披露真实准确完整的法定义务,DOC005-C041;DOC005-C167;DOC006-C064;DOC006-C086;DOC006-C089;DOC006-C116;DOC006-C120;DOC006-C154;DOC006-C166;DOC007-C021;DOC007-C031;DOC007-C085,,
Q03,D1,重大事件的临时报告披露义务,DOC007-C087;DOC007-C088;DOC015-C072;DOC097-C025;DOC097-C052;DOC097-C054;DOC098-C023;DOC098-C027;DOC100-C024;DOC100-C037;DOC205-C002;DOC223-C005;DOC005-C001;DOC005-C002;DOC005-C003;DOC005-C004;DOC005-C005;DOC005-C006;DOC005-C007;DOC005-C008,,
Q04,D1,招股说明书的签署与责任,DOC012-C019;DOC012-C023;DOC012-C024;DOC012-C025;DOC012-C029;DOC012-C040;DOC046-C001;DOC046-C005;DOC261-C001;DOC262-C001;DOC279-C001;DOC005-C001;DOC005-C002;DOC005-C003;DOC005-C004;DOC005-C005;DOC005-C006;DOC005-C007;DOC005-C008;DOC005-C009,,
Q05,D1,定期报告内容与格式准则要求,DOC007-C086;DOC106-C001;DOC192-C001;DOC209-C002;DOC216-C002;DOC336-C001;DOC340-C001;DOC005-C001;DOC005-C002;DOC005-C003;DOC005-C004;DOC005-C005;DOC005-C006;DOC005-C007;DOC005-C008;DOC005-C009;DOC005-C010;DOC005-C011;DOC005-C012;DOC005-C013,,
Q06,D1,上市公司收购中的权益披露,DOC012-C072;DOC090-C029;DOC090-C033;DOC090-C039;DOC090-C048;DOC090-C050;DOC090-C051;DOC090-C053;DOC090-C055;DOC090-C057;DOC090-C058;DOC090-C062,,
Q07,D1,重大资产重组的信息披露程序,DOC094-C012;DOC097-C003;DOC097-C005;DOC097-C007;DOC097-C008;DOC097-C012;DOC097-C013;DOC097-C020;DOC097-C025;DOC097-C029;DOC097-C030;DOC097-C031,,
Q08,D1,股东减持股份的信息披露,DOC099-C018;DOC099-C022;DOC099-C026;DOC099-C028;DOC099-C030;DOC099-C037;DOC099-C063;DOC239-C001;DOC338-C001;DOC005-C001;DOC005-C002;DOC005-C003;DOC005-C004;DOC005-C005;DOC005-C006;DOC005-C007;DOC005-C008;DOC005-C009;DOC005-C010;DOC005-C011,,
Q09,D1,证券发行注册文件的要求,DOC005-C191;DOC007-C023;DOC007-C180;DOC046-C001;DOC093-C001;DOC094-C005;DOC094-C033;DOC094-C036;DOC094-C038;DOC094-C041;DOC094-C054;DOC095-C037,,
Q10,D1,公司债券发行的信息披露,DOC005-C191;DOC007-C011;DOC007-C099;DOC107-C027;DOC341-C001;DOC005-C001;DOC005-C002;DOC005-C003;DOC005-C004;DOC005-C005;DOC005-C006;DOC005-C007;DOC005-C008;DOC005-C009;DOC005-C010;DOC005-C011;DOC005-C012;DOC005-C013;DOC005-C014;DOC005-C015,,
Q11,D2,独立董事的独立性要求,DOC120-C045;DOC120-C046;DOC122-C003;DOC122-C007;DOC122-C009;DOC122-C011;DOC122-C012;DOC122-C059;DOC122-C066;DOC128-C137;DOC128-C138;DOC019-C001;DOC019-C002;DOC019-C003;DOC019-C004;DOC019-C005;DOC019-C006;DOC019-C007;DOC019-C008;DOC019-C009,,
Q12,D2,独立董事在董事会中的比例要求,DOC118-C036;DOC120-C018;DOC122-C006;DOC122-C018;DOC122-C019;DOC128-C093;DOC128-C096;DOC342-C097;DOC343-C090;DOC019-C001;DOC019-C002;DOC019-C003;DOC019-C004;DOC019-C005;DOC019-C006;DOC019-C007;DOC019-C008;DOC019-C009;DOC019-C010;DOC019-C011,,
Q13,D2,股东大会的召集程序,DOC118-C007;DOC118-C010;DOC118-C011;DOC118-C012;DOC118-C013;DOC118-C014;DOC118-C015;DOC118-C017;DOC118-C019;DOC118-C023;DOC118-C026;DOC118-C027,,
Q14,D2,董事会的职权与议事规则,DOC118-C003;DOC120-C015;DOC120-C031;DOC120-C037;DOC120-C038;DOC120-C039;DOC120-C043;DOC120-C049;DOC120-C082;DOC120-C098;DOC122-C025;DOC122-C037,,
Q15,D2,监事会的监督职责,DOC120-C049;DOC342-C049;DOC342-C167;DOC343-C041;DOC343-C160;DOC019-C001;DOC019-C002;DOC019-C003;DOC019-C004;DOC019-C005;DOC019-C006;DOC019-C007;DOC019-C008;DOC019-C009;DOC019-C010;DOC019-C011;DOC019-C012;DOC019-C013;DOC019-C014;DOC019-C015,,
Q16,D2,上市公司章程必备条款,DOC128-C001;DOC128-C223;DOC342-C001;DOC342-C013;DOC343-C001;DOC343-C004;DOC343-C218;DOC019-C001;DOC019-C002;DOC019-C003;DOC019-C004;DOC019-C005;DOC019-C006;DOC019-C007;DOC019-C008;DOC019-C009;DOC019-C010;DOC019-C011;DOC019-C012;DOC019-C013,,
Q17,D2,股权激励的授予对象,DOC129-C009;DOC129-C010;DOC129-C012;DOC129-C013;DOC129-C015;DOC129-C016;DOC129-C020;DOC129-C024;DOC129-C025;DOC129-C026;DOC129-C027;DOC129-C028,,
Q18,D2,董事的忠实勤勉义务,DOC118-C003;DOC122-C064;DOC128-C050;DOC128-C139;DOC128-C152;DOC128-C210;DOC129-C004;DOC129-C097;DOC342-C159;DOC343-C152;DOC019-C001;DOC019-C002;DOC019-C003;DOC019-C004;DOC019-C005;DOC019-C006;DOC019-C007;DOC019-C008;DOC019-C009;DOC019-C010,,
Q19,D2,控股股东与实际控制人行为规范,DOC025-C009;DOC025-C014;DOC025-C016;DOC025-C033;DOC118-C052;DOC120-C045;DOC120-C054;DOC120-C075;DOC120-C076;DOC120-C078;DOC120-C079;DOC120-C082,,
Q20,D2,董事会审计委员会的设置,DOC120-C048;DOC120-C049;DOC122-C006;DOC122-C038;DOC122-C044;DOC128-C044;DOC128-C045;DOC128-C057;DOC128-C061;DOC128-C062;DOC128-C063;DOC128-C064,,
Q21,D3,内部控制的目标与原则,DOC035-C063;DOC035-C097;DOC042-C019;DOC060-C001;DOC080-C001;DOC132-C005;DOC132-C006;DOC294-C003;DOC297-C004;DOC297-C029;DOC016-C001;DOC016-C002;DOC016-C003;DOC016-C004;DOC016-C005;DOC016-C006;DOC016-C007;DOC016-C008;DOC016-C009;DOC016-C010,,
Q22,D3,内部控制的五要素,DOC028-C018;DOC028-C022;DOC031-C054;DOC037-C009;DOC037-C035;DOC039-C006;DOC078-C003;DOC080-C001;DOC132-C070;DOC133-C050;DOC133-C058;DOC133-C066;DOC004-C005;DOC004-C006;DOC004-C021;DOC004-C045,,
Q23,D3,财务会计报告的真实完整责任,DOC029-C155;DOC030-C023;DOC030-C032;DOC034-C003;DOC038-C002;DOC038-C004;DOC038-C018;DOC038-C030;DOC078-C001;DOC016-C001;DOC016-C002;DOC016-C003;DOC016-C004;DOC016-C005;DOC016-C006;DOC016-C007;DOC016-C008;DOC016-C009;DOC016-C010;DOC016-C011,,
Q24,D3,注册会计师的审计责任,DOC030-C022;DOC030-C031;DOC036-C020;DOC038-C006;DOC038-C038;DOC060-C001;DOC060-C017;DOC075-C010;DOC075-C016;DOC075-C018;DOC078-C001;DOC078-C014,,
Q25,D3,资金占用与违规担保的禁止性规定,DOC073-C001;DOC073-C009;DOC073-C010;DOC082-C013;DOC082-C030;DOC133-C020;DOC290-C001;DOC295-C001;DOC296-C001;DOC300-C008;DOC303-C001;DOC303-C007;DOC016-C001;DOC016-C002;DOC016-C003;DOC016-C004;DOC016-C005;DOC016-C006;DOC016-C007;DOC016-C008,,
Q26,D3,财务造假的行政处罚与责任,DOC060-C001;DOC070-C005;DOC072-C001;DOC073-C001;DOC073-C010;DOC074-C001;DOC075-C001;DOC076-C001;DOC077-C001;DOC079-C001;DOC080-C001;DOC081-C001,,
Q27,D3,反洗钱客户身份识别义务,DOC031-C007;DOC031-C008;DOC031-C034;DOC031-C055;DOC031-C056;DOC132-C042;DOC016-C001;DOC016-C002;DOC016-C003;DOC016-C004;DOC016-C005;DOC016-C006;DOC016-C007;DOC016-C008;DOC016-C009;DOC016-C010;DOC016-C011;DOC016-C012;DOC016-C013;DOC016-C014,,
Q28,D3,期货业务的合规经营要求,DOC035-C066;DOC035-C068;DOC035-C073;DOC042-C020;DOC042-C027;DOC042-C034;DOC042-C071;DOC043-C030;DOC071-C003;DOC201-C004;DOC218-C004;DOC218-C006;DOC016-C001;DOC016-C002;DOC016-C003;DOC016-C004;DOC016-C005;DOC016-C006;DOC016-C007;DOC016-C008,,
Q29,D3,证券公司内部控制要求,DOC016-C068;DOC132-C001;DOC132-C003;DOC132-C004;DOC132-C005;DOC132-C006;DOC132-C007;DOC132-C008;DOC132-C015;DOC132-C020;DOC132-C032;DOC132-C033,,
Q30,D3,审计委员会对财务报告的监督,DOC073-C010;DOC016-C001;DOC016-C002;DOC016-C003;DOC016-C004;DOC016-C005;DOC016-C006;DOC016-C007;DOC016-C008;DOC016-C009;DOC016-C010;DOC016-C011;DOC016-C012;DOC016-C013;DOC016-C014;DOC016-C015;DOC016-C016;DOC016-C017;DOC016-C018;DOC016-C019;DOC005-C142;DOC005-C164;DOC004-C014,,
Q31,D4,证券市场禁入的适用情形,DOC136-C010;DOC136-C014;DOC136-C015;DOC136-C019;DOC141-C023;DOC247-C010;DOC249-C020;DOC250-C001;DOC251-C017;DOC251-C024;DOC252-C001;DOC256-C001;DOC044-C001;DOC044-C002;DOC044-C003;DOC044-C004,,
Q32,D4,操纵证券市场行为的认定,DOC084-C001;DOC084-C003;DOC087-C001;DOC087-C003;DOC088-C001;DOC088-C003;DOC088-C005;DOC088-C009;DOC089-C003;DOC136-C015;DOC141-C023;DOC141-C058,,
Q33,D4,内幕交易的构成要件,DOC242-C001;DOC242-C004;DOC242-C005;DOC242-C006;DOC242-C008;DOC243-C001;DOC244-C001;DOC246-C004;DOC246-C010;DOC247-C004;DOC247-C010;DOC249-C005,,
Q34,D4,证券期货市场诚信记录管理,DOC136-C023;DOC141-C003;DOC141-C004;DOC141-C008;DOC141-C011;DOC141-C013;DOC141-C015;DOC141-C016;DOC141-C018;DOC141-C033;DOC141-C039;DOC141-C050,,
Q35,D4,行政处罚听证程序,DOC044-C001;DOC044-C012;DOC044-C013;DOC044-C046;DOC044-C063;DOC044-C070;DOC044-C071;DOC044-C072;DOC084-C001;DOC085-C001;DOC086-C001;DOC087-C001,,
Q36,D4,上市公司现场检查的程序,DOC137-C001;DOC137-C002;DOC137-C003;DOC137-C008;DOC137-C014;DOC137-C018;DOC137-C028;DOC137-C034;DOC044-C001;DOC044-C002;DOC044-C003;DOC044-C004;DOC044-C005;DOC044-C006;DOC044-C007;DOC044-C008;DOC044-C009;DOC044-C010;DOC044-C011;DOC044-C012,,
Q37,D4,中介机构未勤勉尽责的责任,DOC253-C011;DOC305-C001;DOC305-C030;DOC044-C001;DOC044-C002;DOC044-C003;DOC044-C004;DOC044-C005;DOC044-C006;DOC044-C007;DOC044-C008;DOC044-C009;DOC044-C010;DOC044-C011;DOC044-C012;DOC044-C013;DOC044-C014;DOC044-C015;DOC044-C016;DOC044-C017,,
Q38,D4,短线交易的规制,DOC246-C001;DOC246-C002;DOC247-C010;DOC247-C012;DOC253-C006;DOC253-C009;DOC329-C012;DOC329-C015;DOC044-C001;DOC044-C002;DOC044-C003;DOC044-C004;DOC044-C005;DOC044-C006;DOC044-C007;DOC044-C008;DOC044-C009;DOC044-C010;DOC044-C011;DOC044-C012,,
Q39,D3,证券公司风险处置措施,DOC016-C001;DOC016-C057;DOC016-C058;DOC016-C062;DOC016-C064;DOC016-C065;DOC016-C072;DOC042-C062;DOC132-C070;DOC016-C002;DOC016-C003;DOC016-C004;DOC016-C005;DOC016-C006;DOC016-C007;DOC016-C008;DOC016-C009;DOC016-C010;DOC016-C011;DOC016-C012,,
Q40,D4,私募基金的监督管理,DOC136-C004;DOC320-C001;DOC321-C001;DOC327-C001;DOC044-C001;DOC044-C002;DOC044-C003;DOC044-C004;DOC044-C005;DOC044-C006;DOC044-C007;DOC044-C008;DOC044-C009;DOC044-C010;DOC044-C011;DOC044-C012;DOC044-C013;DOC044-C014;DOC044-C015;DOC044-C016,,
