query_id,dimension,query,relevant_chunk_ids,n_relevant,label_source
Q01,D1,上市公司年度报告的披露时限,DOC007-C086;DOC100-C014;DOC163-C002;DOC165-C002,4,ai_dual_pass_adjudicated
Q02,D1,信息披露真实准确完整的法定义务,DOC005-C041;DOC005-C167;DOC006-C064;DOC006-C086;DOC006-C089;DOC007-C021;DOC007-C085,7,ai_dual_pass_adjudicated
Q03,D1,重大事件的临时报告披露义务,DOC007-C087;DOC007-C088;DOC015-C072;DOC098-C023;DOC098-C027;DOC100-C024;DOC100-C037;DOC205-C002;DOC223-C005,9,ai_dual_pass_adjudicated
Q04,D1,招股说明书的签署与责任,DOC012-C024;DOC012-C025;DOC012-C029;DOC046-C001;DOC046-C005,5,ai_dual_pass_adjudicated
Q05,D1,定期报告内容与格式准则要求,DOC007-C086;DOC106-C001;DOC192-C001;DOC209-C002;DOC216-C002;DOC336-C001;DOC340-C001,7,ai_dual_pass_adjudicated
Q06,D1,上市公司收购中的权益披露,DOC090-C029;DOC090-C033;DOC090-C039;DOC090-C050;DOC090-C051;DOC090-C053;DOC090-C055;DOC090-C057;DOC090-C058;DOC090-C062,10,ai_dual_pass_adjudicated
Q07,D1,重大资产重组的信息披露程序,DOC097-C005;DOC097-C012;DOC097-C025;DOC097-C029;DOC097-C030;DOC097-C031,6,ai_dual_pass_adjudicated
Q08,D1,股东减持股份的信息披露,DOC099-C018;DOC099-C022;DOC099-C026;DOC099-C030;DOC099-C037;DOC099-C063,6,ai_dual_pass_adjudicated
Q09,D1,证券发行注册文件的要求,DOC046-C001;DOC094-C005;DOC094-C033;DOC094-C038;DOC094-C041;DOC094-C054,6,ai_dual_pass_adjudicated
Q10,D1,公司债券发行的信息披露,DOC007-C099,1,ai_dual_pass_adjudicated
Q11,D2,独立董事的独立性要求,DOC120-C045;DOC120-C046;DOC122-C003;DOC122-C007;DOC128-C137,5,ai_dual_pass_adjudicated
Q12,D2,独立董事在董事会中的比例要求,DOC122-C006;DOC122-C018;DOC122-C019,3,ai_dual_pass_adjudicated
Q13,D2,股东大会的召集程序,DOC118-C007;DOC118-C010;DOC118-C011;DOC118-C012;DOC118-C013;DOC118-C014;DOC118-C017;DOC118-C019;DOC118-C023,9,ai_dual_pass_adjudicated
Q14,D2,董事会的职权与议事规则,DOC120-C015;DOC120-C031;DOC120-C037;DOC120-C039;DOC120-C043,5,ai_dual_pass_adjudicated
Q15,D2,监事会的监督职责,DOC120-C049;DOC342-C167;DOC343-C160,3,ai_dual_pass_adjudicated
Q16,D2,上市公司章程必备条款,DOC342-C013;DOC343-C004,2,ai_dual_pass_adjudicated
Q17,D2,股权激励的授予对象,DOC129-C009;DOC129-C010;DOC129-C016,3,ai_dual_pass_adjudicated
Q18,D2,董事的忠实勤勉义务,DOC122-C064;DOC128-C050;DOC128-C139;DOC128-C152,4,ai_dual_pass_adjudicated
Q19,D2,控股股东与实际控制人行为规范,DOC118-C052;DOC120-C054;DOC120-C076;DOC120-C078;DOC120-C079;DOC120-C082,6,ai_dual_pass_adjudicated
Q20,D2,董事会审计委员会的设置,DOC120-C048;DOC122-C006,2,ai_dual_pass_adjudicated
Q21,D3,内部控制的目标与原则,DOC132-C005;DOC132-C006,2,ai_dual_pass_adjudicated
Q22,D3,内部控制的五要素,,0,ai_dual_pass_adjudicated
Q23,D3,财务会计报告的真实完整责任,DOC030-C023;DOC038-C004;DOC038-C018;DOC038-C030,4,ai_dual_pass_adjudicated
Q24,D3,注册会计师的审计责任,DOC038-C006;DOC060-C001;DOC060-C017;DOC075-C010;DOC075-C016;DOC075-C018;DOC078-C001;DOC078-C014,8,ai_dual_pass_adjudicated
Q25,D3,资金占用与违规担保的禁止性规定,DOC073-C009;DOC073-C010;DOC082-C013;DOC082-C030;DOC290-C001;DOC295-C001;DOC300-C008;DOC303-C001;DOC303-C007,9,ai_dual_pass_adjudicated
Q26,D3,财务造假的行政处罚与责任,DOC060-C001;DOC070-C005;DOC072-C001;DOC073-C001;DOC073-C010;DOC074-C001;DOC075-C001;DOC076-C001;DOC077-C001;DOC079-C001;DOC080-C001;DOC081-C001,12,ai_dual_pass_adjudicated
Q27,D3,反洗钱客户身份识别义务,DOC031-C007;DOC031-C034;DOC031-C055;DOC031-C056;DOC132-C042,5,ai_dual_pass_adjudicated
Q28,D3,期货业务的合规经营要求,DOC035-C066;DOC035-C068;DOC035-C073;DOC042-C020;DOC042-C034;DOC042-C071;DOC043-C030;DOC201-C004;DOC218-C004;DOC218-C006,10,ai_dual_pass_adjudicated
Q29,D3,证券公司内部控制要求,DOC132-C003;DOC132-C004;DOC132-C005;DOC132-C006;DOC132-C007;DOC132-C008;DOC132-C015;DOC132-C020;DOC132-C032;DOC132-C033,10,ai_dual_pass_adjudicated
Q30,D3,审计委员会对财务报告的监督,,0,ai_dual_pass_adjudicated
Q31,D4,证券市场禁入的适用情形,DOC136-C010;DOC136-C014;DOC136-C015;DOC136-C019,4,ai_dual_pass_adjudicated
Q32,D4,操纵证券市场行为的认定,DOC084-C001;DOC084-C003;DOC087-C001;DOC087-C003;DOC088-C001;DOC088-C003;DOC088-C005;DOC089-C003,8,ai_dual_pass_adjudicated
Q33,D4,内幕交易的构成要件,DOC242-C004;DOC242-C005;DOC242-C006;DOC242-C008,4,ai_dual_pass_adjudicated
Q34,D4,证券期货市场诚信记录管理,DOC136-C023;DOC141-C003;DOC141-C004;DOC141-C008;DOC141-C011;DOC141-C013;DOC141-C015;DOC141-C016;DOC141-C018;DOC141-C033;DOC141-C039;DOC141-C050,12,ai_dual_pass_adjudicated
Q35,D4,行政处罚听证程序,DOC044-C046;DOC044-C071;DOC044-C072,3,ai_dual_pass_adjudicated
Q36,D4,上市公司现场检查的程序,DOC137-C008;DOC137-C014;DOC137-C018;DOC137-C028,4,ai_dual_pass_adjudicated
Q37,D4,中介机构未勤勉尽责的责任,DOC253-C011;DOC305-C001;DOC305-C030,3,ai_dual_pass_adjudicated
Q38,D4,短线交易的规制,DOC246-C002;DOC247-C010;DOC247-C012;DOC253-C006;DOC253-C009;DOC329-C012;DOC329-C015,7,ai_dual_pass_adjudicated
Q39,D3,证券公司风险处置措施,DOC016-C057;DOC016-C058;DOC016-C062;DOC016-C064;DOC016-C065;DOC016-C003;DOC016-C004;DOC016-C005;DOC016-C006;DOC016-C007;DOC016-C008;DOC016-C009;DOC016-C010;DOC016-C011;DOC016-C012,15,ai_dual_pass_adjudicated
Q40,D4,私募基金的监督管理,DOC136-C004,1,ai_dual_pass_adjudicated
