query_id,n_candidates,passA_relevant,passB_relevant,cohens_kappa,agreement,n_disagreed,gold_relevant
Q01,20,4,4,1.0,1.0,0,4
Q02,12,7,7,1.0,1.0,0,7
Q03,20,8,12,0.615,0.8,4,9
Q04,20,3,5,0.692,0.9,2,5
Q05,20,7,7,1.0,1.0,0,7
Q06,12,10,10,1.0,1.0,0,10
Q07,12,6,7,0.833,0.917,1,6
Q08,20,4,6,0.737,0.9,2,6
Q09,12,5,6,0.5,0.75,3,6
Q10,20,2,1,0.643,0.95,1,1
Q11,20,5,5,1.0,1.0,0,5
Q12,20,1,3,0.459,0.9,2,3
Q13,12,8,9,0.4,0.75,3,9
Q14,12,5,4,0.824,0.917,1,5
Q15,20,2,3,0.773,0.95,1,3
Q16,20,2,0,0.0,0.9,2,2
Q17,12,1,3,0.429,0.833,2,3
Q18,20,4,2,0.615,0.9,2,4
Q19,12,6,6,1.0,1.0,0,6
Q20,12,2,2,1.0,1.0,0,2
Q21,20,2,2,1.0,1.0,0,2
Q22,12,0,0,1.0,1.0,0,0
Q23,20,4,4,1.0,1.0,0,4
Q24,12,6,9,0.5,0.75,3,8
Q25,20,11,9,0.802,0.9,2,9
Q26,12,12,12,1.0,1.0,0,12
Q27,20,5,5,1.0,1.0,0,5
Q28,20,9,10,0.9,0.95,1,10
Q29,12,10,9,0.75,0.917,1,10
Q30,20,0,1,0.0,0.95,1,0
Q31,16,4,10,0.333,0.625,6,4
Q32,12,7,8,0.824,0.917,1,8
Q33,12,3,12,0.0,0.25,9,4
Q34,12,12,12,1.0,1.0,0,12
Q35,12,3,7,0.385,0.667,4,3
Q36,20,4,3,0.828,0.95,1,4
Q37,20,3,3,1.0,1.0,0,3
Q38,20,8,7,0.894,0.95,1,7
Q39,20,15,15,1.0,1.0,0,15
Q40,20,1,1,1.0,1.0,0,1
