stock_code,name,year,status,file,note
600318.SH,新力金融,2024,ok,data/companies/annual_reports/600318.SH_新力金融_2024.pdf,4025KB
601377.SH,兴业证券,2024,ok,data/companies/annual_reports/601377.SH_兴业证券_2024.pdf,9574KB
601519.SH,大智慧,2024,ok,data/companies/annual_reports/601519.SH_大智慧_2024.pdf,1386KB
002008.SZ,大族激光,2024,ok,data/companies/annual_reports/002008.SZ_大族激光_2024.pdf,8653KB
600172.SH,黄河旋风,2024,ok,data/companies/annual_reports/600172.SH_黄河旋风_2024.pdf,1328KB
300054.SZ,鼎龙股份,2024,ok,data/companies/annual_reports/300054.SZ_鼎龙股份_2024.pdf,7557KB
002297.SZ,博云新材,2024,ok,data/companies/annual_reports/002297.SZ_博云新材_2024.pdf,1003KB
002169.SZ,智光电气,2024,ok,data/companies/annual_reports/002169.SZ_智光电气_2024.pdf,1959KB
002221.SZ,东华能源,2024,ok,data/companies/annual_reports/002221.SZ_东华能源_2024.pdf,3492KB
002264.SZ,新华都,2024,ok,data/companies/annual_reports/002264.SZ_新华都_2024.pdf,4785KB
000802.SZ,北京文化,2024,ok,data/companies/annual_reports/000802.SZ_北京文化_2024.pdf,2232KB
600156.SH,华升股份,2024,ok,data/companies/annual_reports/600156.SH_华升股份_2024.pdf,1640KB
600598.SH,北大荒,2024,ok,data/companies/annual_reports/600598.SH_北大荒_2024.pdf,4931KB
300119.SZ,瑞普生物,2024,ok,data/companies/annual_reports/300119.SZ_瑞普生物_2024.pdf,6383KB
002679.SZ,福建金森,2024,ok,data/companies/annual_reports/002679.SZ_福建金森_2024.pdf,865KB
600519.SH,贵州茅台,2024,ok,data/companies/annual_reports/600519.SH_贵州茅台_2024.pdf,3541KB
600036.SH,招商银行,2024,ok,data/companies/annual_reports/600036.SH_招商银行_2024.pdf,6069KB
601318.SH,中国平安,2024,ok,data/companies/annual_reports/601318.SH_中国平安_2024.pdf,11271KB
300750.SZ,宁德时代,2024,ok,data/companies/annual_reports/300750.SZ_宁德时代_2024.pdf,2021KB
002594.SZ,比亚迪,2024,ok,data/companies/annual_reports/002594.SZ_比亚迪_2024.pdf,9855KB
000333.SZ,美的集团,2024,ok,data/companies/annual_reports/000333.SZ_美的集团_2024.pdf,6579KB
600276.SH,恒瑞医药,2024,ok,data/companies/annual_reports/600276.SH_恒瑞医药_2024.pdf,7529KB
600900.SH,长江电力,2024,ok,data/companies/annual_reports/600900.SH_长江电力_2024.pdf,1671KB
000002.SZ,万科A,2024,ok,data/companies/annual_reports/000002.SZ_万科A_2024.pdf,9676KB
600031.SH,三一重工,2024,ok,data/companies/annual_reports/600031.SH_三一重工_2024.pdf,5252KB
688981.SH,中芯国际,2024,ok,data/companies/annual_reports/688981.SH_中芯国际_2024.pdf,3592KB
300760.SZ,迈瑞医疗,2024,ok,data/companies/annual_reports/300760.SZ_迈瑞医疗_2024.pdf,8488KB
002415.SZ,海康威视,2024,ok,data/companies/annual_reports/002415.SZ_海康威视_2024.pdf,12233KB
600887.SH,伊利股份,2024,ok,data/companies/annual_reports/600887.SH_伊利股份_2024.pdf,1486KB
600048.SH,保利发展,2024,ok,data/companies/annual_reports/600048.SH_保利发展_2024.pdf,5173KB
601088.SH,中国神华,2024,ok,data/companies/annual_reports/601088.SH_中国神华_2024.pdf,7112KB
603259.SH,药明康德,2024,ok,data/companies/annual_reports/603259.SH_药明康德_2024.pdf,5017KB
601668.SH,中国建筑,2024,ok,data/companies/annual_reports/601668.SH_中国建筑_2024.pdf,17892KB
600690.SH,海尔智家,2024,ok,data/companies/annual_reports/600690.SH_海尔智家_2024.pdf,5046KB
601766.SH,中国中车,2024,ok,data/companies/annual_reports/601766.SH_中国中车_2024.pdf,1600KB
002475.SZ,立讯精密,2024,ok,data/companies/annual_reports/002475.SZ_立讯精密_2024.pdf,1659KB
002230.SZ,科大讯飞,2024,ok,data/companies/annual_reports/002230.SZ_科大讯飞_2024.pdf,5464KB
600570.SH,恒生电子,2024,ok,data/companies/annual_reports/600570.SH_恒生电子_2024.pdf,4446KB
002352.SZ,顺丰控股,2024,ok,data/companies/annual_reports/002352.SZ_顺丰控股_2024.pdf,33354KB
