stock_code,name,csrc_industry_l1,csrc_industry_l2,stratum,board
600318.SH,新力金融,金融业,货币金融服务,penalty,沪主板
601377.SH,兴业证券,金融业,资本市场服务,penalty,沪主板
601519.SH,大智慧,金融业,其他金融业,penalty,沪主板
002008.SZ,大族激光,制造业,专用设备制造业,penalty,深主板
600172.SH,黄河旋风,制造业,非金属矿物制品业,penalty,沪主板
300054.SZ,鼎龙股份,制造业,电子设备制造业,penalty,创业板
002297.SZ,博云新材,制造业,金属制品业,penalty,深主板
002169.SZ,智光电气,制造业,电气机械和器材制造业,penalty,深主板
002221.SZ,东华能源,批发和零售业,批发业,penalty,深主板
002264.SZ,新华都,信息传输软件业,互联网和相关服务,penalty,深主板
000802.SZ,北京文化,文化体育娱乐业,影视录音制作业,penalty,深主板
600156.SH,华升股份,制造业,纺织业,penalty,沪主板
600598.SH,北大荒,农林牧渔业,农业,penalty,沪主板
300119.SZ,瑞普生物,制造业,医药制造业,penalty,创业板
002679.SZ,福建金森,农林牧渔业,林业,penalty,深主板
600519.SH,贵州茅台,制造业,酒饮料和精制茶制造业,general,沪主板
600036.SH,招商银行,金融业,货币金融服务,general,沪主板
601318.SH,中国平安,金融业,保险业,general,沪主板
300750.SZ,宁德时代,制造业,电气机械和器材制造业,general,创业板
002594.SZ,比亚迪,制造业,汽车制造业,general,深主板
000333.SZ,美的集团,制造业,电气机械和器材制造业,general,深主板
600276.SH,恒瑞医药,制造业,医药制造业,general,沪主板
600900.SH,长江电力,电力热力燃气水供应业,电力生产供应业,general,沪主板
000002.SZ,万科A,房地产业,房地产业,general,深主板
600031.SH,三一重工,制造业,专用设备制造业,general,沪主板
688981.SH,中芯国际,制造业,电子设备制造业,general,科创板
300760.SZ,迈瑞医疗,制造业,专用设备制造业,general,创业板
002415.SZ,海康威视,制造业,电子设备制造业,general,深主板
600887.SH,伊利股份,制造业,食品制造业,general,沪主板
600048.SH,保利发展,房地产业,房地产业,general,沪主板
601088.SH,中国神华,采矿业,煤炭开采和洗选业,general,沪主板
603259.SH,药明康德,科学研究和技术服务业,研究和试验发展,general,沪主板
601668.SH,中国建筑,建筑业,土木工程建筑业,general,沪主板
600690.SH,海尔智家,制造业,电气机械和器材制造业,general,沪主板
601766.SH,中国中车,制造业,运输设备制造业,general,沪主板
002475.SZ,立讯精密,制造业,电子设备制造业,general,深主板
002230.SZ,科大讯飞,信息传输软件业,软件和信息技术服务业,general,深主板
600570.SH,恒生电子,信息传输软件业,软件和信息技术服务业,general,沪主板
002352.SZ,顺丰控股,交通运输仓储邮政业,邮政业,general,深主板
